knowledge_point_id,knowledge_point_name,level,observable_behaviors,representative_verbs,example_question,has_mapping
K1,在线教育的概念与特征,L1,能说出在线教育的定义；能列举在线教育的6个核心特征；能复述在线教育三阶段发展的名称,说出、列举、复述、指出,“在线教育和传统教育最大的区别是什么？”,true
K1,在线教育的概念与特征,L2,能用自己的话解释“开放性”“灵活性”的含义；能比较在线教育与传统教育的本质差异；能归纳在线教育的优势与局限,解释、比较、归纳、举例,“能用大白话解释为什么说在线教育具有开放性？”,true
K1,在线教育的概念与特征,L3,能根据具体场景选择合适的在线教育类型；能设计利用在线教育特征解决实际问题的基础方案,选择、运用、设计,“给这个乡村学校，你会选择哪种在线教育类型？”,true
K1,在线教育的概念与特征,L4,,,,false
K1,在线教育的概念与特征,L5,,,,false
K1,在线教育的概念与特征,L6,,,,false
K2,在线教育发展历程与趋势,L1,能说出在线教育三个发展阶段的名称；能列举三个国内MOOC平台；能复述“MOOC元年”是哪一年,说出、列举、复述,“在线教育经历了哪几个主要发展阶段？”,true
K2,在线教育发展历程与趋势,L2,能解释“互联网+教育”与早期远程教育的本质差异；能归纳中国在线教育的发展特点,解释、归纳、比较,“互联网+教育和之前的网络教育有什么不同？”,true
K2,在线教育发展历程与趋势,L3,能结合当前AI趋势，为特定学习者设计适合的在线学习方案；能运用发展规律评估某平台的成熟度,运用、分析、推断,“从发展趋势看，这个平台应该往哪个方向改进？”,true
K2,在线教育发展历程与趋势,L4,能分析中国在线教育政策演进的内在逻辑；能区分不同时期在线教育的核心矛盾,分析、区分、归因,,true
K2,在线教育发展历程与趋势,L5,,,,false
K2,在线教育发展历程与趋势,L6,,,,false
K3,在线学习理论（行为主义/建构主义/联通主义）,L1,能说出三种理论的名称及代表人物；能复述每种理论的核心命题；能识别概念的正例和反例,说出、复述、识别、匹配,“联通主义是谁提出的？它的核心观点是什么？”,true
K3,在线学习理论（行为主义/建构主义/联通主义）,L2,能用自己的话解释建构主义的“知识建构”；能比较三种理论对“知识在哪里”的不同回答；能举例说明ZPD在教学中的含义,解释、比较、举例、推断,“建构主义说知识在个人头脑中，联通主义说知识在网络中，这两者是矛盾的吗？”,true
K3,在线学习理论（行为主义/建构主义/联通主义）,L3,能根据情境选择合适的学习理论并设计对应的教学活动；能运用ZPD理论设计支架策略,选择、设计、运用、实施,“如果要给山区学校的老教师设计培训，你会用哪种理论？怎么设计？”,true
K3,在线学习理论（行为主义/建构主义/联通主义）,L4,能分析建构主义与行为主义的内在矛盾；能拆解MOOC设计中联通主义的具体体现；能归因某教学方案理论与实践的不一致性,分析、拆解、归因、对比,“你说要用建构主义，但你设计的活动是让学生看视频做题，这两者一致吗？”,true
K3,在线学习理论（行为主义/建构主义/联通主义）,L5,能评价建构主义在资源受限场景的适用性；能判断特定情境应选行为主义还是建构主义并充分论证,评价、判断、论证、批判,“有研究者认为建构主义不适合初学者，你怎么评价这个观点？”,true
K3,在线学习理论（行为主义/建构主义/联通主义）,L6,能整合多种理论设计创新教学模式；能建构适应特定场景的理论框架,整合、建构、创造、设计,“如果这三种理论都有道理，你能不能整合它们，创造一个新的指导框架？”,true
K4,MOOC/SPOC模式设计与实施,L1,能说出MOOC的全称；能列举cMOOC和xMOOC的区别；能复述MOOC四个核心特征,说出、列举、复述,“MOOC的全称是什么？这四个字母分别代表什么？”,true
K4,MOOC/SPOC模式设计与实施,L2,能解释MOOC与SPOC的本质差异；能比较cMOOC和xMOOC的设计理念；能推断MOOC完成率低的主要原因,解释、比较、推断,“为什么MOOC的完成率普遍很低？你觉得根本原因是什么？”,true
K4,MOOC/SPOC模式设计与实施,L3,能设计MOOC课程结构框架（含模块/单元/视频规划）；能选择合适的大规模互动方案,设计、规划、选择,“5000人的MOOC，互动怎么设计？老师不可能回复每个人吧？”,true
K4,MOOC/SPOC模式设计与实施,L4,能分析MOOC完成率低的多维原因；能对比MOOC与SPOC各自的核心依赖要素,分析、对比、拆解,“Coursera的MOOC和edX的MOOC都说基于不同理论，能分析一下它们真正的设计差异吗？”,true
K4,MOOC/SPOC模式设计与实施,L5,能评价同伴互评在MOOC中的信度与适用性；能基于证据判断MOOC是否适合特定场景,评价、判断、论证,“有人说同伴互评信度太低，不如不做，你怎么评价？”,true
K4,MOOC/SPOC模式设计与实施,L6,能创新MOOC的互动模式，突破“视频+测验+论坛”范式；能设计全新的MOOC形态解决完成率问题,创造、设计、创建、整合,“主流MOOC都是视频+测验+论坛，效果不好。你能不能设计一种全新的MOOC形态？”,true
K5,混合式学习设计,L1,能说出混合式学习的定义；能列举混合式学习的三种主要模式类型,说出、列举、复述,“混合式学习的核心要素是什么？”,true
K5,混合式学习设计,L2,能解释混合式的“有机融合”与简单叠加的区别；能比较线上与线下学习各自的优势劣势,解释、比较、归纳,“混合式学习不是把线上线下叠加在一起，那有机融合具体指什么？”,true
K5,混合式学习设计,L3,能为乡村学校设计具体的混合式课程安排（含轮班制）；能制定混合式学习的线上线下活动分工矩阵,设计、制定、选择,“这个学校只有一间多媒体教室，你怎么安排混合式学习的课表？”,true
K5,混合式学习设计,L4,能分析混合比例的合理性；能找出混合设计中线上线下割裂的问题,分析、找出、拆解,“你的方案线上部分和线下部分好像没什么关联，能分析一下为什么说它们是混合的吗？”,true
K5,混合式学习设计,L5,能评价混合式学习方案的可行性和一致性；能判断某方案是否真正实现了融合,评价、判断、推荐,“这个方案算是真正的混合式学习，还是仅仅是叠加式？请评价。”,true
K5,混合式学习设计,L6,能创设适合资源受限场景的全新混合模式；能整合多种理论设计创新性混合学习方案,创设、整合、设计,“现有的混合模式好像都不太适合这个场景，你能不能提出一个全新的模式？”,true
K6,翻转课堂设计与实施,L1,能说出翻转课堂的定义；能列举翻转课堂的核心要素,说出、列举、复述,“翻转课堂和传统课堂的区别是什么？”,true
K6,翻转课堂设计与实施,L2,能解释翻转的不是时间而是认知层次；能比较翻转课堂在小学和中学中的适用性差异,解释、比较、推断,“翻转课堂是不是就是把课堂讲授换成视频？”,true
K6,翻转课堂设计与实施,L3,能设计一堂完整的翻转课堂（课前视频+课堂高阶活动）；能选择合适的课堂活动类型,设计、安排、实施,“如果让你翻转一堂在线教育原理课，具体怎么设计课前和课中？”,true
K6,翻转课堂设计与实施,L4,能分析翻转课堂在特定场景不适用的根本原因；能区分翻转课堂与混合式学习的本质差异,分析、区分、归因,“翻转课堂在乡村学校为什么难推行？不只是说网络问题。”,true
K6,翻转课堂设计与实施,L5,能评价翻转课堂在小学阶段的适用性并充分论证,评价、判断、辩护,“有研究说翻转课堂在小学效果不如初中，你怎么评价？”,true
K6,翻转课堂设计与实施,L6,能整合建构主义+翻转理念，创设适合特殊场景的创新教学模式,创设、整合、建构,“如果网络不稳，学生没法在家看视频，你能不能设计一种新的翻转方式？”,true
K7,在线课程开发流程,L1,能列举ADDIE模型的五个阶段；能说出在线课程开发的主要角色,列举、说出、复述,“ADDIE模型包含哪几个阶段？”,true
K7,在线课程开发流程,L2,能解释“目标-活动-评价一致性”的含义；能比较ADDIE与敏捷开发的差异,解释、比较、归纳,“为什么说课程设计要保证目标、活动、评价三者一致？”,true
K7,在线课程开发流程,L3,能制定一个可执行的3个月MOOC开发计划；能撰写可观测的学习目标,制定、规划、实施,“3个月要上线MOOC，你觉得应该先做哪些模块？能不能给个具体的开发计划？”,true
K7,在线课程开发流程,L4,能分析特定团队配置的合理性；能找出课程设计中目标与评价不一致的问题,分析、找出、拆解,“这门课程的目标是理解在线教育理论，但评价全是选择题，能分析一下这个设计的问题吗？”,true
K7,在线课程开发流程,L5,能评价敏捷开发与ADDIE在特定情境下的优劣,评价、判断、推荐,“3个月的开发周期，你会用ADDIE还是敏捷方法？为什么？”,true
K7,在线课程开发流程,L6,,,,false
K8,在线教学交互设计,L1,能说出在线教学交互的三种主要类型；能列举每种类型的代表性设计形式,说出、列举、复述,“在线教学交互有哪几种类型？”,true
K8,在线教学交互设计,L2,能解释“社会临场感”的含义；能比较同步与异步互动的优劣,解释、比较、推断,“为什么说增强社会临场感能提高MOOC完成率？”,true
K8,在线教学交互设计,L3,能为大规模MOOC设计完整的互动方案；能选择适合特定场景的互动工具,设计、选择、运用,“5000人的MOOC，怎么设计有效的同伴互动？”,true
K8,在线教学交互设计,L4,能分析特定互动设计是否真正促进了深度学习；能区分“表面参与”和“深度互动”,分析、区分、归因,“论坛有10000条回复，能说明互动质量高吗？能分析一下什么才是有质量的互动？”,true
K8,在线教学交互设计,L5,能评价游戏化设计在在线教育中的适用性和风险,评价、判断、辩护,“有人说加积分徽章就能提高参与度，你怎么评价这个观点？”,true
K8,在线教学交互设计,L6,,,,false
K9,在线学习支持服务,L1,能说出学习支持服务的四大类型；能列举每类型的代表性活动,说出、列举、复述,“在线学习支持服务有哪些类型？是不是就是客服和答疑？”,true
K9,在线学习支持服务,L2,能解释“主动支持”与“被动支持”的区别；能比较不同供给模式的优劣,解释、比较、归纳,“什么是主动支持？和被动支持有什么本质区别？”,true
K9,在线学习支持服务,L3,能为乡村学校设计可行的支持服务方案；能选择适合大规模课程的支持供给模式,设计、选择、运用,“乡村学校的老师技术能力弱，你怎么设计支持服务帮助他们？”,true
K9,在线学习支持服务,L4,能分析学习者流失与支持服务不足的关系,分析、归因,“这个平台学习者流失率很高，能从支持服务角度分析根本原因吗？”,true
K9,在线学习支持服务,L5,,,,false
K9,在线学习支持服务,L6,,,,false
K10,在线教学评价方法,L1,能说出形成性评价和总结性评价的定义；能列举同伴互评的主要流程步骤,说出、列举、复述,“形成性评价和总结性评价的区别是什么？”,true
K10,在线教学评价方法,L2,能解释“评价-目标一致性”的含义；能比较不同评价方式的优劣,解释、比较、推断,“选择题能评价学生的创造能力吗？为什么？”,true
K10,在线教学评价方法,L3,能设计一套适合在线课程的评价体系；能运用同伴互评解决大规模课程评价,设计、运用、实施,“5000人的MOOC，你会怎么设计评价方案？”,true
K10,在线教学评价方法,L4,能分析Bloom各层级应对应哪种评价任务；能找出目标与评价不一致的问题,分析、找出、归因,“你说课程目标是能分析教学设计的优劣，但期末考试全是选择题，这合理吗？”,true
K10,在线教学评价方法,L5,能评价同伴互评的信度问题及解决方案；能判断特定评价方案的适用性,评价、判断、论证,“有人说同伴互评信度太低，不如直接用AI评价，你怎么评价这个建议？”,true
K10,在线教学评价方法,L6,能创建适合乡村学校实际情况的多元评价方案；能设计既能证明效果又简单可行的指标体系,创建、设计、整合,“怎么设计一套评价体系，能让家长看到孩子在线学习的实际效果？”,true
K11,在线教育质量保证体系,L1,能说出Quality Matters的8个维度名称；能列举常用质量监测指标,说出、列举、复述,“在线教育质量评价有哪些常用指标？就是完成率和满意度吗？”,true
K11,在线教育质量保证体系,L2,能解释QA与QI的本质区别；能推断完成率低的主要原因,解释、推断、比较,“完成率23%说明什么问题？一定是课程质量差吗？”,true
K11,在线教育质量保证体系,L3,能运用QM框架评估一门在线课程；能设计质量诊断的指标体系,运用、设计、制定,“用QM框架来评估我们这门课程，你会怎么操作？”,true
K11,在线教育质量保证体系,L4,能系统分析平台完成率低的三层原因；能拆解质量问题的核心矛盾,分析、拆解、归因,“这个平台完成率23%，满意度3.2，你能做一个系统性的问题归因吗？”,true
K11,在线教育质量保证体系,L5,能评价不同质量标准框架的适用性；能基于证据对改进优先级进行排序论证,评价、判断、论证、推荐,“你提出了6个改进方向，但资源有限不能同时推进，你会怎么排优先级？理由是什么？”,true
K11,在线教育质量保证体系,L6,能创建适合特定平台的定制化质量评价体系；能设计从现状到目标的转型路线图,创建、规划、设计,“如果这个平台要从大众化转型为个性化，你能设计一个完整的转型路线图吗？”,true
K12,在线教育技术与工具,L1,能列举三种常用视频会议工具；能说出LMS的主要功能,列举、说出、识别,“常用的视频会议工具有哪些？”,true
K12,在线教育技术与工具,L2,能解释SAMR模型各层次的含义；能比较不同工具类型的适用场景,解释、比较、归纳,“SAMR模型中的修改和替换有什么本质区别？”,true
K12,在线教育技术与工具,L3,能根据场景选择合适的工具组合；能评估工具选择是否适合学习者技术能力,选择、评估、运用,“这个乡村学校老师技术能力弱，你会推荐哪些工具？为什么？”,true
K12,在线教育技术与工具,L4,能分析工具选择对教学效果的影响；能区分技术增强与技术依赖的差异,分析、区分,“用了很多技术工具，但教学效果没提升，你能分析一下原因吗？”,true
K12,在线教育技术与工具,L5,,,,false
K12,在线教育技术与工具,L6,,,,false
